{"cameraMode":{"drawMode":0,"name":"Shaded","section":"Shading Mode"},"sceneLighting":false,"audioPlay":false,"sceneViewState":{"m_AlwaysRefresh":true,"showFog":true,"showSkybox":false,"showFlares":true,"showImageEffects":true,"showParticleSystems":true,"showVisualEffectGraphs":true,"m_FxEnabled":true},"in2DMode":false,"pivot":{"x":-2.702763795852661,"y":6.326998710632324,"z":14.084439277648926},"rotation":{"x":0.1592198759317398,"y":0.44986358284950259,"z":-0.08186130970716477,"w":0.8749788403511047},"size":11.163350105285645,"orthographic":true}