{"cameraMode":{"drawMode":0,"name":"Shaded","section":"Shading Mode"},"sceneLighting":false,"audioPlay":false,"sceneViewState":{"m_AlwaysRefresh":true,"showFog":true,"showSkybox":false,"showFlares":true,"showImageEffects":true,"showParticleSystems":true,"showVisualEffectGraphs":true,"m_FxEnabled":true},"in2DMode":false,"pivot":{"x":-0.9786996841430664,"y":13.98181438446045,"z":13.528185844421387},"rotation":{"x":0.5814452171325684,"y":0.1786133050918579,"z":-0.13271385431289674,"w":0.7825753092765808},"size":17.336339950561525,"orthographic":true}