{"cameraMode":{"drawMode":0,"name":"Shaded","section":"Shading Mode"},"sceneLighting":false,"audioPlay":false,"sceneViewState":{"m_AlwaysRefresh":true,"showFog":true,"showSkybox":false,"showFlares":true,"showImageEffects":true,"showParticleSystems":true,"showVisualEffectGraphs":true,"m_FxEnabled":true},"in2DMode":false,"pivot":{"x":0.0003508925437927246,"y":0.06469309329986572,"z":-0.0036359205842018129},"rotation":{"x":0.15766777098178864,"y":0.20776493847370149,"z":-0.033993128687143329,"w":0.9648330807685852},"size":0.09188991039991379,"orthographic":false}