{"cameraMode":{"drawMode":0,"name":"Shaded","section":"Shading Mode"},"sceneLighting":true,"audioPlay":false,"sceneViewState":{"m_AlwaysRefresh":false,"showFog":true,"showSkybox":true,"showFlares":true,"showImageEffects":true,"showParticleSystems":true,"showVisualEffectGraphs":true,"m_FxEnabled":true},"in2DMode":false,"pivot":{"x":3.0669467449188234,"y":0.7158227562904358,"z":332.35369873046877},"rotation":{"x":-0.002498713554814458,"y":-0.030271610245108606,"z":0.00007876878225943074,"w":-0.9996248483657837},"size":42.73019027709961,"orthographic":false}