{"cameraMode":{"drawMode":0,"name":"Shaded","section":"Shading Mode"},"sceneLighting":false,"audioPlay":false,"sceneViewState":{"m_AlwaysRefresh":true,"showFog":true,"showSkybox":false,"showFlares":true,"showImageEffects":true,"showParticleSystems":true,"showVisualEffectGraphs":true,"m_FxEnabled":true},"in2DMode":false,"pivot":{"x":0.04570966213941574,"y":0.965992271900177,"z":11.502460479736329},"rotation":{"x":0.14881491661071778,"y":-0.019281549379229547,"z":0.002902307780459523,"w":0.9886733293533325},"size":4.394129753112793,"orthographic":true}