{"cameraMode":{"drawMode":0,"name":"Shaded","section":"Shading Mode"},"sceneLighting":false,"audioPlay":false,"sceneViewState":{"m_AlwaysRefresh":true,"showFog":true,"showSkybox":false,"showFlares":true,"showImageEffects":true,"showParticleSystems":true,"showVisualEffectGraphs":true,"m_FxEnabled":true},"in2DMode":false,"pivot":{"x":4.058771133422852,"y":4.3281145095825199,"z":12.801621437072754},"rotation":{"x":0.44605913758277895,"y":-0.5081202983856201,"z":0.34941715002059939,"w":0.6486598253250122},"size":9.286450386047364,"orthographic":true}