{"cameraMode":{"drawMode":0,"name":"Shaded","section":"Shading Mode"},"sceneLighting":false,"audioPlay":false,"sceneViewState":{"m_AlwaysRefresh":false,"showFog":true,"showSkybox":false,"showFlares":true,"showImageEffects":true,"showParticleSystems":true,"showVisualEffectGraphs":true,"m_FxEnabled":true},"in2DMode":false,"pivot":{"x":0.06386446952819824,"y":1.8058629035949708,"z":-0.21794843673706056},"rotation":{"x":0.09320689737796784,"y":-0.23225493729114533,"z":0.022365236654877664,"w":0.9679203629493713},"size":1.9734917879104615,"orthographic":true}