{"cameraMode":{"drawMode":0,"name":"Shaded","section":"Shading Mode"},"sceneLighting":false,"audioPlay":false,"sceneViewState":{"m_AlwaysRefresh":true,"showFog":true,"showSkybox":false,"showFlares":true,"showImageEffects":true,"showParticleSystems":true,"showVisualEffectGraphs":true,"m_FxEnabled":true},"in2DMode":false,"pivot":{"x":12.803425788879395,"y":3.842233657836914,"z":9.588382720947266},"rotation":{"x":0.14906562864780427,"y":0.7179171442985535,"z":-0.16204951703548432,"w":0.6604018211364746},"size":14.906166076660157,"orthographic":true}