{"cameraMode":{"drawMode":0,"name":"Shaded","section":"Shading Mode"},"sceneLighting":false,"audioPlay":false,"sceneViewState":{"m_AlwaysRefresh":false,"showFog":true,"showSkybox":false,"showFlares":true,"showImageEffects":true,"showParticleSystems":true,"showVisualEffectGraphs":true,"m_FxEnabled":true},"in2DMode":false,"pivot":{"x":2.7227721214294435,"y":3.9174652099609377,"z":9.339323997497559},"rotation":{"x":0.41559240221977236,"y":-0.3236202597618103,"z":0.16114374995231629,"w":0.8346195220947266},"size":33.308597564697269,"orthographic":false}