{"cameraMode":{"drawMode":0,"name":"Shaded","section":"Shading Mode"},"sceneLighting":false,"audioPlay":false,"sceneViewState":{"m_AlwaysRefresh":false,"showFog":true,"showSkybox":false,"showFlares":true,"showImageEffects":true,"showParticleSystems":true,"showVisualEffectGraphs":true,"m_FxEnabled":true},"in2DMode":false,"pivot":{"x":0.9254601001739502,"y":3.7378134727478029,"z":10.104601860046387},"rotation":{"x":0.21269264817237855,"y":0.12042412161827088,"z":-0.02642308734357357,"w":0.9693254232406616},"size":9.014045715332032,"orthographic":false}