{"cameraMode":{"drawMode":0,"name":"Shaded","section":"Shading Mode"},"sceneLighting":false,"audioPlay":false,"sceneViewState":{"m_AlwaysRefresh":true,"showFog":true,"showSkybox":false,"showFlares":true,"showImageEffects":true,"showParticleSystems":true,"showVisualEffectGraphs":true,"m_FxEnabled":true},"in2DMode":false,"pivot":{"x":0.9451217651367188,"y":-1.9412956237792969,"z":14.833181381225586},"rotation":{"x":-0.15937098860740663,"y":-0.7302547097206116,"z":0.18221135437488557,"w":-0.6389228105545044},"size":50.68592834472656,"orthographic":false}