{"cameraMode":{"drawMode":0,"name":"Shaded","section":"Shading Mode"},"sceneLighting":false,"audioPlay":false,"sceneViewState":{"m_AlwaysRefresh":false,"showFog":true,"showSkybox":false,"showFlares":true,"showImageEffects":true,"showParticleSystems":true,"showVisualEffectGraphs":true,"m_FxEnabled":true},"in2DMode":false,"pivot":{"x":1.3431499004364014,"y":2.4751124382019045,"z":6.920323371887207},"rotation":{"x":0.6189082860946655,"y":0.01579849235713482,"z":-0.01242757961153984,"w":0.7852229475975037},"size":9.989415168762207,"orthographic":true}