{"cameraMode":{"drawMode":0,"name":"Shaded","section":"Shading Mode"},"sceneLighting":false,"audioPlay":false,"sceneViewState":{"m_AlwaysRefresh":false,"showFog":true,"showSkybox":false,"showFlares":true,"showImageEffects":true,"showParticleSystems":true,"showVisualEffectGraphs":true,"m_FxEnabled":true},"in2DMode":false,"pivot":{"x":-1.918093204498291,"y":1.4119173288345338,"z":10.055839538574219},"rotation":{"x":0.02183212898671627,"y":-0.7204066514968872,"z":0.022700127214193345,"w":0.6928440928459168},"size":3.0560529232025148,"orthographic":true}