{"cameraMode":{"drawMode":0,"name":"Shaded","section":"Shading Mode"},"sceneLighting":false,"audioPlay":false,"sceneViewState":{"m_AlwaysRefresh":false,"showFog":true,"showSkybox":false,"showFlares":true,"showImageEffects":true,"showParticleSystems":true,"showVisualEffectGraphs":true,"m_FxEnabled":true},"in2DMode":false,"pivot":{"x":-0.859730064868927,"y":1.5123608112335206,"z":-0.5888947248458862},"rotation":{"x":0.0017470490420237184,"y":0.9979652166366577,"z":-0.05544402822852135,"w":0.03144637122750282},"size":1.7002438306808472,"orthographic":true}