{"cameraMode":{"drawMode":0,"name":"Shaded","section":"Shading Mode"},"sceneLighting":false,"audioPlay":false,"sceneViewState":{"m_AlwaysRefresh":false,"showFog":true,"showSkybox":false,"showFlares":true,"showImageEffects":true,"showParticleSystems":true,"showVisualEffectGraphs":true,"m_FxEnabled":true},"in2DMode":false,"pivot":{"x":0.38919830322265627,"y":0.8668357133865356,"z":-0.8710341453552246},"rotation":{"x":0.024255989119410516,"y":-0.8155357837677002,"z":0.034272655844688418,"w":0.5771827101707459},"size":2.390070676803589,"orthographic":true}