{"cameraMode":{"drawMode":0,"name":"Shaded","section":"Shading Mode"},"sceneLighting":false,"audioPlay":false,"sceneViewState":{"m_AlwaysRefresh":false,"showFog":true,"showSkybox":false,"showFlares":true,"showImageEffects":true,"showParticleSystems":true,"showVisualEffectGraphs":true,"m_FxEnabled":true},"in2DMode":false,"pivot":{"x":1.5305343866348267,"y":2.8002185821533205,"z":6.141704559326172},"rotation":{"x":0.1686757206916809,"y":-0.40287822484970095,"z":0.07581190019845963,"w":0.8963769674301148},"size":3.9698779582977297,"orthographic":true}