{"cameraMode":{"drawMode":0,"name":"Shaded","section":"Shading Mode"},"sceneLighting":false,"audioPlay":false,"sceneViewState":{"m_AlwaysRefresh":true,"showFog":true,"showSkybox":false,"showFlares":true,"showImageEffects":true,"showParticleSystems":true,"showVisualEffectGraphs":true,"m_FxEnabled":true},"in2DMode":false,"pivot":{"x":-3.1750311851501467,"y":-0.5363235473632813,"z":10.026182174682618},"rotation":{"x":0.40237921476364138,"y":-0.4239805042743683,"z":0.21831203997135163,"w":0.7814668416976929},"size":13.71773910522461,"orthographic":false}