{"cameraMode":{"drawMode":0,"name":"Shaded","section":"Shading Mode"},"sceneLighting":false,"audioPlay":false,"sceneViewState":{"m_AlwaysRefresh":true,"showFog":true,"showSkybox":false,"showFlares":true,"showImageEffects":true,"showParticleSystems":true,"showVisualEffectGraphs":true,"m_FxEnabled":true},"in2DMode":false,"pivot":{"x":-0.005450248718261719,"y":-1.8932924270629883,"z":11.398689270019532},"rotation":{"x":0.40237921476364138,"y":-0.4239805042743683,"z":0.21831203997135163,"w":0.7814668416976929},"size":6.796765327453613,"orthographic":false}