{"cameraMode":{"drawMode":0,"name":"Shaded","section":"Shading Mode"},"sceneLighting":false,"audioPlay":false,"sceneViewState":{"m_AlwaysRefresh":false,"showFog":true,"showSkybox":false,"showFlares":true,"showImageEffects":true,"showParticleSystems":true,"showVisualEffectGraphs":true,"m_FxEnabled":true},"in2DMode":false,"pivot":{"x":1.4169609546661378,"y":1.8281440734863282,"z":4.4245195388793949},"rotation":{"x":0.10593709349632263,"y":-0.3619544804096222,"z":0.041441142559051517,"w":0.9252384901046753},"size":4.032745838165283,"orthographic":true}